Date,HomeTeam,AwayTeam,FTHG,FTAG,BbAHh,HMargin,H_Bet_Win
160813,Burnley,Swansea,0,1,-0.25,-1,False
160813,Crystal Palace,West Brom,0,1,-0.5,-1,False
160813,Everton,Tottenham,1,1,0.25,0,True
160813,Hull,Leicester,2,1,0.25,1,True
160813,Man City,Sunderland,2,1,-1.5,1,False
160813,Middlesbrough,Stoke,1,1,-0.25,0,False
160813,Southampton,Watford,1,1,-0.75,0,False
160814,Arsenal,Liverpool,3,4,-0.5,-1,False
160814,Bournemouth,Man United,1,3,0.75,-2,False
160815,Chelsea,West Ham,2,1,-1.0,1,False
160819,Man United,Southampton,2,0,-1.0,2,True
160820,Burnley,Liverpool,2,0,1.0,2,True
160820,Tottenham,Crystal Palace,1,0,-1.0,1,False
160820,West Brom,Everton,1,2,0.25,-1,False
160820,Watford,Chelsea,1,2,0.75,-1,False
160820,Leicester,Arsenal,0,0,0.25,0,True
160820,Swansea,Hull,0,2,-1.0,-2,False
160820,Stoke,Man City,1,4,1.0,-3,False
160821,Sunderland,Middlesbrough,1,2,-0.25,-1,False
160821,West Ham,Bournemouth,1,0,-0.5,1,True
160827,Southampton,Sunderland,1,1,-1.0,0,False
160827,Watford,Arsenal,1,3,1.0,-2,False
160827,Tottenham,Liverpool,1,1,-0.25,0,False
160827,Leicester,Swansea,2,1,-1.0,1,False
160827,Crystal Palace,Bournemouth,1,1,-0.25,0,False
160827,Chelsea,Burnley,3,0,-2.0,3,True
160827,Everton,Stoke,1,0,-1.0,1,False
160827,Hull,Man United,0,1,1.0,-1,False
160828,Man City,West Ham,3,1,-1.5,2,True
160828,West Brom,Middlesbrough,0,0,-0.25,0,False
160910,Middlesbrough,Crystal Palace,1,2,-0.25,-1,False
160910,Stoke,Tottenham,0,4,0.75,-4,False
160910,West Ham,Watford,2,4,-0.75,-2,False
160910,Man United,Man City,1,2,-0.25,-1,False
160910,Arsenal,Southampton,2,1,-1.0,1,False
160910,Burnley,Hull,1,1,-0.25,0,False
160910,Bournemouth,West Brom,1,0,-0.5,1,True
160910,Liverpool,Leicester,4,1,-1.0,3,True
160911,Swansea,Chelsea,2,2,1.0,0,True
160912,Sunderland,Everton,0,3,0.5,-3,False
160916,Chelsea,Liverpool,1,2,-0.25,-1,False
160917,West Brom,West Ham,4,2,-0.25,2,True
160917,Leicester,Burnley,3,0,-1.0,3,True
160917,Man City,Bournemouth,4,0,-2.0,4,True
160917,Everton,Middlesbrough,3,1,-1.0,2,True
160917,Hull,Arsenal,1,4,1.0,-3,False
160918,Southampton,Swansea,1,0,-1.0,1,False
160918,Crystal Palace,Stoke,4,1,-0.25,3,True
160918,Watford,Man United,3,1,1.0,2,True
160918,Tottenham,Sunderland,1,0,-1.5,1,False
160924,Man United,Leicester,4,1,-1.0,3,True
160924,Stoke,West Brom,1,1,-0.25,0,False
160924,Middlesbrough,Tottenham,1,2,0.25,-1,False
160924,Liverpool,Hull,5,1,-2.0,4,True
160924,Swansea,Man City,1,3,1.5,-2,False
160924,Arsenal,Chelsea,3,0,-0.25,3,True
160924,Sunderland,Crystal Palace,2,3,0.0,-1,False
160924,Bournemouth,Everton,1,0,0.5,1,True
160925,West Ham,Southampton,0,3,0.0,-3,False
160926,Burnley,Watford,2,0,0.0,2,True
160930,Everton,Crystal Palace,1,1,-1.0,0,False
161001,Hull,Chelsea,0,2,1.0,-2,False
161001,Sunderland,West Brom,1,1,-0.25,0,False
161001,Swansea,Liverpool,1,2,1.0,-1,False
161001,Watford,Bournemouth,2,2,-0.25,0,False
161001,West Ham,Middlesbrough,1,1,-0.25,0,False
161002,Tottenham,Man City,2,0,0.25,2,True
161002,Man United,Stoke,1,1,-1.5,0,False
161002,Burnley,Arsenal,0,1,1.5,-1,True
161002,Leicester,Southampton,0,0,-0.25,0,False
161015,Crystal Palace,West Ham,0,1,-0.5,-1,False
161015,Bournemouth,Hull,6,1,-1.0,5,True
161015,Chelsea,Leicester,3,0,-1.0,3,True
161015,West Brom,Tottenham,1,1,0.75,0,True
161015,Man City,Everton,1,1,-1.5,0,False
161015,Stoke,Sunderland,2,0,-0.75,2,True
161015,Arsenal,Swansea,3,2,-2.0,1,False
161016,Middlesbrough,Watford,0,1,-0.25,-1,False
161016,Southampton,Burnley,3,1,-1.5,2,True
161017,Liverpool,Man United,0,0,-0.5,0,False
161022,Liverpool,West Brom,2,1,-1.5,1,False
161022,West Ham,Sunderland,1,0,-1.0,1,False
161022,Swansea,Watford,0,0,-0.25,0,False
161022,Leicester,Crystal Palace,3,1,-0.5,2,True
161022,Hull,Stoke,0,2,0.25,-2,False
161022,Burnley,Everton,2,1,1.0,1,True
161022,Bournemouth,Tottenham,0,0,0.5,0,True
161022,Arsenal,Middlesbrough,0,0,-2.0,0,False
161023,Chelsea,Man United,4,0,-0.25,4,True
161023,Man City,Southampton,1,1,-1.0,0,False
161029,Man United,Burnley,0,0,-2.0,0,False
161029,Crystal Palace,Liverpool,2,4,1.0,-2,False
161029,Middlesbrough,Bournemouth,2,0,-0.25,2,True
161029,West Brom,Man City,0,4,1.0,-4,False
161029,Tottenham,Leicester,1,1,-1.0,0,False
161029,Sunderland,Arsenal,1,4,1.0,-3,False
161029,Watford,Hull,1,0,-1.0,1,False
161030,Everton,West Ham,2,0,-1.0,2,True
161030,Southampton,Chelsea,0,2,0.25,-2,False
161031,Stoke,Swansea,3,1,-0.75,2,True
161105,Burnley,Crystal Palace,3,2,0.25,1,True
161105,Bournemouth,Sunderland,1,2,-1.0,-1,False
161105,West Ham,Stoke,1,1,-0.5,0,False
161105,Chelsea,Everton,5,0,-1.0,5,True
161105,Man City,Middlesbrough,1,1,-2.0,0,False
161106,Swansea,Man United,1,3,1.0,-2,False
161106,Liverpool,Watford,6,1,-2.0,5,True
161106,Arsenal,Tottenham,1,1,-0.25,0,False
161106,Hull,Southampton,2,1,1.0,1,True
161106,Leicester,West Brom,1,2,-1.0,-1,False
161119,Tottenham,West Ham,3,2,-1.0,1,False
161119,Man United,Arsenal,1,1,-0.25,0,False
161119,Everton,Swansea,1,1,-1.0,0,False
161119,Crystal Palace,Man City,1,2,1.0,-1,False
161119,Southampton,Liverpool,0,0,0.25,0,True
161119,Watford,Leicester,2,1,0.25,1,True
161119,Sunderland,Hull,3,0,-0.25,3,True
161119,Stoke,Bournemouth,0,1,-0.25,-1,False
161120,Middlesbrough,Chelsea,0,1,1.0,-1,False
161121,West Brom,Burnley,4,0,-0.25,4,True
161126,Liverpool,Sunderland,2,0,-2.0,2,False
161126,Leicester,Middlesbrough,2,2,-0.5,0,False
161126,Swansea,Crystal Palace,5,4,0.0,1,True
161126,Chelsea,Tottenham,2,1,-1.0,1,False
161126,Burnley,Man City,1,2,1.5,-1,True
161126,Hull,West Brom,1,1,0.25,0,True
161127,Southampton,Everton,1,0,-0.25,1,True
161127,Arsenal,Bournemouth,3,1,-1.0,2,True
161127,Man United,West Ham,1,1,-1.0,0,False
161127,Watford,Stoke,0,1,-0.25,-1,False
161203,Stoke,Burnley,2,0,-1.0,2,True
161203,Sunderland,Leicester,2,1,0.25,1,True
161203,Crystal Palace,Southampton,3,0,0.25,3,True
161203,Man City,Chelsea,1,3,-0.25,-2,False
161203,West Brom,Watford,3,1,-0.25,2,True
161203,Tottenham,Swansea,5,0,-1.5,5,True
161203,West Ham,Arsenal,1,5,1.0,-4,False
161204,Everton,Man United,1,1,0.25,0,True
161204,Bournemouth,Liverpool,4,3,1.0,1,True
161205,Middlesbrough,Hull,1,0,-1.0,1,False
161210,Swansea,Sunderland,3,0,-0.25,3,True
161210,Watford,Everton,3,2,0.25,1,True
161210,Leicester,Man City,4,2,1.0,2,True
161210,Arsenal,Stoke,3,1,-1.5,2,True
161210,Burnley,Bournemouth,3,2,0.25,1,True
161210,Hull,Crystal Palace,3,3,0.25,0,True
161211,Chelsea,West Brom,1,0,-1.5,1,False
161211,Liverpool,West Ham,2,2,-1.5,0,False
161211,Man United,Tottenham,1,0,-0.25,1,True
161211,Southampton,Middlesbrough,1,0,-1.0,1,False
161213,Bournemouth,Leicester,1,0,-0.25,1,True
161213,Everton,Arsenal,2,1,0.5,1,True
161214,Man City,Watford,2,0,-1.5,2,True
161214,Middlesbrough,Liverpool,0,3,1.0,-3,False
161214,Crystal Palace,Man United,1,2,1.0,-1,False
161214,Stoke,Southampton,0,0,0.25,0,True
161214,Tottenham,Hull,3,0,-2.0,3,True
161214,West Brom,Swansea,3,1,-0.5,2,True
161214,West Ham,Burnley,1,0,-1.0,1,False
161214,Sunderland,Chelsea,0,1,1.5,-1,True
161217,Stoke,Leicester,2,2,0.0,0,False
161217,Crystal Palace,Chelsea,0,1,1.0,-1,False
161217,Middlesbrough,Swansea,3,0,-0.5,3,True
161217,West Brom,Man United,0,2,1.0,-2,False
161217,Sunderland,Watford,1,0,0.0,1,True
161217,West Ham,Hull,1,0,-1.0,1,False
161218,Tottenham,Burnley,2,1,-2.0,1,False
161218,Bournemouth,Southampton,1,3,0.0,-2,False
161218,Man City,Arsenal,2,1,-0.25,1,True
161219,Everton,Liverpool,0,1,0.5,-1,False
161226,Hull,Man City,0,3,1.5,-3,False
161226,Arsenal,West Brom,1,0,-1.5,1,False
161226,Burnley,Middlesbrough,1,0,0.0,1,True
161226,Chelsea,Bournemouth,3,0,-1.5,3,True
161226,Leicester,Everton,0,2,-0.25,-2,False
161226,Swansea,West Ham,1,4,0.0,-3,False
161226,Watford,Crystal Palace,1,1,-0.25,0,False
161226,Man United,Sunderland,3,1,-2.0,2,False
161227,Liverpool,Stoke,4,1,-1.5,3,True
161228,Southampton,Tottenham,1,4,0.0,-3,False
161230,Hull,Everton,2,2,0.5,0,True
161231,Southampton,West Brom,1,2,-1.0,-1,False
161231,Chelsea,Stoke,4,2,-1.5,2,True
161231,Burnley,Sunderland,4,1,-0.25,3,True
161231,Swansea,Bournemouth,0,3,0.0,-3,False
161231,Leicester,West Ham,1,0,-0.5,1,True
161231,Liverpool,Man City,1,0,-0.25,1,True
161231,Man United,Middlesbrough,2,1,-1.5,1,False
170101,Watford,Tottenham,1,4,1.0,-3,False
170101,Arsenal,Crystal Palace,2,0,-1.5,2,True
170102,West Brom,Hull,3,1,-1.0,2,True
170102,Sunderland,Liverpool,2,2,1.5,0,True
170102,West Ham,Man United,0,2,1.0,-2,False
170102,Man City,Burnley,2,1,-2.0,1,False
170102,Everton,Southampton,3,0,-0.25,3,True
170102,Middlesbrough,Leicester,0,0,0.0,0,False
170103,Bournemouth,Arsenal,3,3,0.75,0,True
170103,Stoke,Watford,2,0,-0.5,2,True
170103,Crystal Palace,Swansea,1,2,-1.0,-1,False
170104,Tottenham,Chelsea,2,0,0.0,2,True
170114,Leicester,Chelsea,0,3,1.0,-3,False
170114,Tottenham,West Brom,4,0,-1.5,4,True
170114,Swansea,Arsenal,0,4,1.0,-4,False
170114,Sunderland,Stoke,1,3,0.25,-2,False
170114,Burnley,Southampton,1,0,0.25,1,True
170114,Hull,Bournemouth,3,1,0.25,2,True
170114,Watford,Middlesbrough,0,0,-0.25,0,False
170114,West Ham,Crystal Palace,3,0,-0.25,3,True
170115,Everton,Man City,4,0,1.0,4,True
170115,Man United,Liverpool,1,1,-0.25,0,False
170121,Man City,Tottenham,2,2,-0.25,0,False
170121,Crystal Palace,Everton,0,1,0.25,-1,False
170121,Liverpool,Swansea,2,3,-2.0,-1,False
170121,Middlesbrough,West Ham,1,3,-0.25,-2,False
170121,Stoke,Man United,1,1,1.0,0,True
170121,West Brom,Sunderland,2,0,-1.0,2,True
170121,Bournemouth,Watford,2,2,-0.5,0,False
170122,Southampton,Leicester,3,0,-0.5,3,True
170122,Arsenal,Burnley,2,1,-2.0,1,False
170122,Chelsea,Hull,2,0,-2.0,2,False
170131,Liverpool,Chelsea,1,1,0.0,0,False
170131,Swansea,Southampton,2,1,0.25,1,True
170131,Sunderland,Tottenham,0,0,1.5,0,True
170131,Middlesbrough,West Brom,1,1,0.0,0,False
170131,Bournemouth,Crystal Palace,0,2,-0.25,-2,False
170131,Burnley,Leicester,1,0,0.0,1,True
170131,Arsenal,Watford,1,2,-2.0,-1,False
170201,Man United,Hull,0,0,-2.0,0,False
170201,West Ham,Man City,0,4,1.0,-4,False
170201,Stoke,Everton,1,1,0.0,0,False
170204,Chelsea,Arsenal,3,1,-0.5,2,True
170204,Crystal Palace,Sunderland,0,4,-1.0,-4,False
170204,Hull,Liverpool,2,0,1.0,2,True
170204,Everton,Bournemouth,6,3,-0.5,3,True
170204,West Brom,Stoke,1,0,-0.25,1,True
170204,Tottenham,Middlesbrough,1,0,-1.5,1,False
170204,Watford,Burnley,2,1,-0.25,1,True
170204,Southampton,West Ham,1,3,-0.5,-2,False
170205,Leicester,Man United,0,3,1.0,-3,False
170205,Man City,Swansea,2,1,-2.0,1,False
170211,Man United,Watford,2,0,-1.5,2,True
170211,Sunderland,Southampton,0,4,0.5,-4,False
170211,West Ham,West Brom,2,2,-0.25,0,False
170211,Stoke,Crystal Palace,1,0,-0.25,1,True
170211,Liverpool,Tottenham,2,0,-0.25,2,True
170211,Arsenal,Hull,2,0,-1.5,2,True
170211,Middlesbrough,Everton,0,0,0.25,0,True
170212,Burnley,Chelsea,1,1,1.0,0,True
170212,Swansea,Leicester,2,0,-0.25,2,True
170213,Bournemouth,Man City,0,2,1.5,-2,False
170225,West Brom,Bournemouth,2,1,-0.5,1,True
170225,Chelsea,Swansea,3,1,-1.75,2,True
170225,Crystal Palace,Middlesbrough,1,0,-0.25,1,True
170225,Everton,Sunderland,2,0,-1.25,2,True
170225,Hull,Burnley,1,1,-0.25,0,False
170225,Watford,West Ham,1,1,-0.25,0,False
170226,Tottenham,Stoke,4,0,-1.5,4,True
170227,Leicester,Liverpool,3,1,1.0,2,True
170304,Liverpool,Arsenal,3,1,-0.25,2,True
170304,Man United,Bournemouth,1,1,-1.75,0,False
170304,West Brom,Crystal Palace,0,2,-0.25,-2,False
170304,Leicester,Hull,3,1,-0.5,2,True
170304,Swansea,Burnley,3,2,-0.5,1,True
170304,Watford,Southampton,3,4,0.25,-1,False
170304,Stoke,Middlesbrough,2,0,-0.5,2,True
170305,Tottenham,Everton,3,2,-1.0,1,False
170305,Sunderland,Man City,0,2,1.5,-2,False
170306,West Ham,Chelsea,1,2,1.0,-1,False
170308,Man City,Stoke,0,0,-1.75,0,False
170311,Bournemouth,West Ham,3,2,-0.25,1,True
170311,Everton,West Brom,3,0,-0.5,3,True
170311,Hull,Swansea,2,1,-0.25,1,True
170312,Liverpool,Burnley,2,1,-1.5,1,False
170318,Stoke,Chelsea,1,2,1.0,-1,False
170318,West Brom,Arsenal,3,1,0.75,2,True
170318,Everton,Hull,4,0,-1.0,4,True
170318,Sunderland,Burnley,0,0,0.0,0,False
170318,Bournemouth,Swansea,2,0,-0.25,2,True
170318,Crystal Palace,Watford,1,0,-0.5,1,True
170318,West Ham,Leicester,2,3,-0.25,-1,False
170319,Tottenham,Southampton,2,1,-1.0,1,False
170319,Middlesbrough,Man United,1,3,1.0,-2,False
170319,Man City,Liverpool,1,1,-0.5,0,False
170401,Liverpool,Everton,3,1,-0.75,2,True
170401,Southampton,Bournemouth,0,0,-1.0,0,False
170401,Man United,West Brom,0,0,-1.5,0,False
170401,Watford,Sunderland,1,0,-0.5,1,True
170401,Chelsea,Crystal Palace,1,2,-1.5,-1,False
170401,Leicester,Stoke,2,0,-0.5,2,True
170401,Burnley,Tottenham,0,2,1.0,-2,False
170401,Hull,West Ham,2,1,-0.25,1,True
170402,Swansea,Middlesbrough,0,0,-0.5,0,False
170402,Arsenal,Man City,2,2,0.25,0,True
170404,Man United,Everton,1,1,-1.0,0,False
170404,Watford,West Brom,2,0,-0.25,2,True
170404,Burnley,Stoke,1,0,-0.25,1,True
170404,Leicester,Sunderland,2,0,-1.5,2,True
170405,Hull,Middlesbrough,4,2,-0.5,2,True
170405,Arsenal,West Ham,3,0,-1.5,3,True
170405,Chelsea,Man City,2,1,-0.25,1,True
170405,Southampton,Crystal Palace,3,1,-0.5,2,True
170405,Swansea,Tottenham,1,3,1.0,-2,False
170405,Liverpool,Bournemouth,2,2,-1.5,0,False
170408,Bournemouth,Chelsea,1,3,1.0,-2,False
170408,Man City,Hull,3,1,-2.0,2,False
170408,Middlesbrough,Burnley,0,0,-0.25,0,False
170408,Stoke,Liverpool,1,2,0.5,-1,False
170408,Tottenham,Watford,4,0,-1.75,4,True
170408,West Brom,Southampton,0,1,0.25,-1,False
170408,West Ham,Swansea,1,0,-0.25,1,True
170409,Sunderland,Man United,0,3,1.5,-3,False
170409,Everton,Leicester,4,2,-0.75,2,True
170410,Crystal Palace,Arsenal,3,0,0.75,3,True
170415,Tottenham,Bournemouth,4,0,-1.75,4,True
170415,Sunderland,West Ham,2,2,0.25,0,True
170415,Stoke,Hull,3,1,-0.5,2,True
170415,Watford,Swansea,1,0,-0.25,1,True
170415,Everton,Burnley,3,1,-1.0,2,True
170415,Crystal Palace,Leicester,2,2,-0.75,0,False
170415,Southampton,Man City,0,3,0.75,-3,False
170416,West Brom,Liverpool,0,1,0.5,-1,False
170416,Man United,Chelsea,2,0,0.0,2,True
170417,Middlesbrough,Arsenal,1,2,1.0,-1,False
170422,West Ham,Everton,0,0,0.25,0,True
170422,Swansea,Stoke,2,0,-0.25,2,True
170422,Bournemouth,Middlesbrough,4,0,-0.5,4,True
170422,Hull,Watford,2,0,-0.5,2,True
170423,Liverpool,Crystal Palace,1,2,-1.0,-1,False
170423,Burnley,Man United,0,2,1.0,-2,False
170425,Chelsea,Southampton,4,2,-1.5,2,True
170426,Middlesbrough,Sunderland,1,0,-0.25,1,True
170426,Arsenal,Leicester,1,0,-1.0,1,False
170426,Crystal Palace,Tottenham,0,1,1.0,-1,False
170427,Man City,Man United,0,0,-0.5,0,False
170429,West Brom,Leicester,0,1,-0.25,-1,False
170429,Sunderland,Bournemouth,0,1,0.25,-1,False
170429,Southampton,Hull,0,0,-1.0,0,False
170429,Crystal Palace,Burnley,0,2,-0.5,-2,False
170429,Stoke,West Ham,0,0,-0.5,0,False
170430,Tottenham,Arsenal,2,0,-0.5,2,True
170430,Middlesbrough,Man City,2,2,1.5,0,True
170430,Everton,Chelsea,0,3,0.25,-3,False
170430,Man United,Swansea,1,1,-1.5,0,False
170501,Watford,Liverpool,0,1,1.0,-1,False
170505,West Ham,Tottenham,1,0,1.5,1,True
170506,Man City,Crystal Palace,5,0,-1.75,5,True
170506,Hull,Sunderland,0,2,-1.0,-2,False
170506,Leicester,Watford,3,0,-1.0,3,True
170506,Bournemouth,Stoke,2,2,-0.25,0,False
170506,Swansea,Everton,1,0,0.25,1,True
170506,Burnley,West Brom,2,2,-0.25,0,False
170507,Liverpool,Southampton,0,0,-1.0,0,False
170507,Arsenal,Man United,2,0,-0.5,2,True
170508,Chelsea,Middlesbrough,3,0,-2.0,3,True
170510,Southampton,Arsenal,0,2,0.5,-2,False
170512,Everton,Watford,1,0,-1.25,1,False
170512,West Brom,Chelsea,0,1,1.25,-1,True
170513,Middlesbrough,Southampton,1,2,0.5,-1,False
170513,Bournemouth,Burnley,2,1,-0.5,1,True
170513,Stoke,Arsenal,1,4,0.75,-3,False
170513,Man City,Leicester,2,1,-2.0,1,False
170513,Sunderland,Swansea,0,2,0.5,-2,False
170514,Crystal Palace,Hull,4,0,-0.5,4,True
170514,Tottenham,Man United,2,1,-0.75,1,True
170514,West Ham,Liverpool,0,4,0.75,-4,False
170515,Chelsea,Watford,4,3,-1.75,1,False
170516,Arsenal,Sunderland,2,0,-2.75,2,False
170516,Man City,West Brom,3,1,-2.5,2,False
170517,Southampton,Man United,0,0,0.0,0,False
170518,Leicester,Tottenham,1,6,0.5,-5,False
170521,Southampton,Stoke,0,1,-0.75,-1,False
170521,Swansea,West Brom,2,1,-0.5,1,True
170521,Man United,Crystal Palace,2,0,-0.25,2,True
170521,Liverpool,Middlesbrough,3,0,-2.5,3,True
170521,Leicester,Bournemouth,1,1,-0.5,0,False
170521,Watford,Man City,0,5,1.75,-5,False
170521,Chelsea,Sunderland,5,1,-2.25,4,True
170521,Arsenal,Everton,3,1,-1.25,2,True
170521,Hull,Tottenham,1,7,1.0,-6,False
170521,Burnley,West Ham,1,2,-0.25,-1,False
170811,Arsenal,Leicester,4,3,-1.0,1,False
170812,West Brom,Bournemouth,1,0,-0.25,1,True
170812,Southampton,Swansea,0,0,-0.75,0,False
170812,Everton,Stoke,1,0,-0.75,1,True
170812,Watford,Liverpool,3,3,1.0,0,True
170812,Chelsea,Burnley,2,3,-1.75,-1,False
170812,Brighton,Man City,0,2,1.5,-2,False
170812,Crystal Palace,Huddersfield,0,3,-0.75,-3,False
170813,Man United,West Ham,4,0,-1.5,4,True
170813,Newcastle,Tottenham,0,2,0.75,-2,False
170819,Swansea,Man United,0,4,1.25,-4,False
170819,Stoke,Arsenal,1,0,0.5,1,True
170819,Liverpool,Crystal Palace,1,0,-1.5,1,False
170819,Southampton,West Ham,3,2,-0.75,1,True
170819,Burnley,West Brom,0,1,-0.25,-1,False
170819,Bournemouth,Watford,0,2,-0.5,-2,False
170819,Leicester,Brighton,2,0,-0.75,2,True
170820,Huddersfield,Newcastle,1,0,-0.25,1,True
170820,Tottenham,Chelsea,1,2,-0.5,-1,False
170821,Man City,Everton,1,1,-1.5,0,False
170826,Bournemouth,Man City,1,2,1.5,-1,True
170826,Crystal Palace,Swansea,0,2,-0.25,-2,False
170826,Huddersfield,Southampton,0,0,0.25,0,True
170826,Man United,Leicester,2,0,-1.5,2,True
170826,Newcastle,West Ham,3,0,-0.25,3,True
170826,Watford,Brighton,0,0,-0.5,0,False
170827,West Brom,Stoke,1,1,-0.25,0,False
170827,Tottenham,Burnley,1,1,-1.75,0,False
170827,Chelsea,Everton,2,0,-1.25,2,True
170827,Liverpool,Arsenal,4,0,-0.25,4,True
170909,Stoke,Man United,2,2,1.0,0,True
170909,Southampton,Watford,0,2,-0.75,-2,False
170909,Man City,Liverpool,5,0,-0.5,5,True
170909,Brighton,West Brom,3,1,-0.25,2,True
170909,Everton,Tottenham,0,3,0.25,-3,False
170909,Arsenal,Bournemouth,3,0,-1.25,3,True
170909,Leicester,Chelsea,1,2,0.75,-1,False
170910,Burnley,Crystal Palace,1,0,-0.25,1,True
170910,Swansea,Newcastle,0,1,-0.25,-1,False
170911,West Ham,Huddersfield,2,0,-0.5,2,True
170915,Bournemouth,Brighton,2,1,-0.25,1,True
170916,Liverpool,Burnley,1,1,-1.75,0,False
170916,Newcastle,Stoke,2,1,-0.25,1,True
170916,Crystal Palace,Southampton,0,1,0.0,-1,False
170916,Huddersfield,Leicester,1,1,0.25,0,True
170916,West Brom,West Ham,0,0,-0.25,0,False
170916,Watford,Man City,0,6,1.5,-6,False
170916,Tottenham,Swansea,0,0,-1.75,0,False
170917,Chelsea,Arsenal,0,0,-0.75,0,False
170917,Man United,Everton,4,0,-1.25,4,True
170923,West Ham,Tottenham,2,3,1.0,-1,False
170923,Swansea,Watford,1,2,-0.25,-1,False
170923,Stoke,Chelsea,0,4,0.75,-4,False
170923,Man City,Crystal Palace,5,0,-2.25,5,True
170923,Leicester,Liverpool,2,3,0.75,-1,False
170923,Everton,Bournemouth,2,1,-0.75,1,True
170923,Burnley,Huddersfield,0,0,-0.25,0,False
170923,Southampton,Man United,0,1,0.75,-1,False
170924,Brighton,Newcastle,1,0,-0.25,1,True
170925,Arsenal,West Brom,2,0,-1.5,2,True
170930,Chelsea,Man City,0,1,0.0,-1,False
170930,Bournemouth,Leicester,0,0,0.0,0,False
170930,Huddersfield,Tottenham,0,4,1.25,-4,False
170930,Man United,Crystal Palace,4,0,-2.0,4,True
170930,Stoke,Southampton,2,1,0.25,1,True
170930,West Brom,Watford,2,2,-0.25,0,False
170930,West Ham,Swansea,1,0,-0.5,1,True
171001,Arsenal,Brighton,2,0,-1.75,2,True
171001,Everton,Burnley,0,1,-0.75,-1,False
171001,Newcastle,Liverpool,1,1,0.75,0,True
171014,Watford,Arsenal,2,1,0.75,1,True
171014,Swansea,Huddersfield,2,0,-0.25,2,True
171014,Man City,Stoke,7,2,-2.5,5,True
171014,Tottenham,Bournemouth,1,0,-2.0,1,False
171014,Crystal Palace,Chelsea,2,1,1.25,1,True
171014,Burnley,West Ham,1,1,-0.25,0,False
171014,Liverpool,Man United,0,0,0.0,0,False
171015,Southampton,Newcastle,2,2,-0.5,0,False
171015,Brighton,Everton,1,1,0.25,0,True
171016,Leicester,West Brom,1,1,-0.25,0,False
171020,West Ham,Brighton,0,3,-0.75,-3,False
171021,Stoke,Bournemouth,1,2,-0.25,-1,False
171021,Chelsea,Watford,4,2,-1.25,2,True
171021,Huddersfield,Man United,2,1,1.25,1,True
171021,Man City,Burnley,3,0,-2.75,3,True
171021,Newcastle,Crystal Palace,1,0,-0.25,1,True
171021,Southampton,West Brom,1,0,-0.75,1,True
171021,Swansea,Leicester,1,2,0.0,-1,False
171022,Tottenham,Liverpool,4,1,-0.25,3,True
171022,Everton,Arsenal,2,5,0.25,-3,False
171028,Watford,Stoke,0,1,-0.25,-1,False
171028,Man United,Tottenham,1,0,-0.25,1,True
171028,Liverpool,Huddersfield,3,0,-2.0,3,True
171028,West Brom,Man City,2,3,1.75,-1,True
171028,Bournemouth,Chelsea,0,1,1.0,-1,False
171028,Arsenal,Swansea,2,1,-2.0,1,False
171028,Crystal Palace,West Ham,2,2,-0.25,0,False
171029,Brighton,Southampton,1,1,0.25,0,True
171029,Leicester,Everton,2,0,-0.25,2,True
171030,Burnley,Newcastle,1,0,0.0,1,True
171104,Southampton,Burnley,0,1,-0.75,-1,False
171104,Huddersfield,West Brom,1,0,-0.25,1,True
171104,Newcastle,Bournemouth,0,1,-0.5,-1,False
171104,Swansea,Brighton,0,1,-0.25,-1,False
171104,West Ham,Liverpool,1,4,1.0,-3,False
171104,Stoke,Leicester,2,2,0.0,0,False
171105,Chelsea,Man United,1,0,-0.25,1,True
171105,Everton,Watford,3,2,-0.25,1,True
171105,Man City,Arsenal,3,1,-1.25,2,True
171105,Tottenham,Crystal Palace,1,0,-1.5,1,False
171118,Arsenal,Tottenham,2,0,-0.25,2,True
171118,Crystal Palace,Everton,2,2,-0.25,0,False
171118,Bournemouth,Huddersfield,4,0,-0.5,4,True
171118,Burnley,Swansea,2,0,-0.25,2,True
171118,Man United,Newcastle,4,1,-1.5,3,True
171118,West Brom,Chelsea,0,4,1.0,-4,False
171118,Liverpool,Southampton,3,0,-1.25,3,True
171118,Leicester,Man City,0,2,1.5,-2,False
171119,Watford,West Ham,2,0,-0.25,2,True
171120,Brighton,Stoke,2,2,-0.25,0,False
171124,West Ham,Leicester,1,1,0.25,0,True
171125,Tottenham,West Brom,1,1,-1.75,0,False
171125,Swansea,Bournemouth,0,0,-0.25,0,False
171125,Newcastle,Watford,0,3,-0.25,-3,False
171125,Liverpool,Chelsea,1,1,-0.25,0,False
171125,Crystal Palace,Stoke,2,1,-0.25,1,True
171125,Man United,Brighton,1,0,-2.0,1,False
171126,Southampton,Everton,4,1,-0.75,3,True
171126,Huddersfield,Man City,1,2,2.0,-1,True
171126,Burnley,Arsenal,0,1,1.0,-1,False
171128,West Brom,Newcastle,2,2,-0.25,0,False
171128,Leicester,Tottenham,2,1,0.75,1,True
171128,Watford,Man United,2,4,0.75,-2,False
171128,Brighton,Crystal Palace,0,0,-0.25,0,False
171129,Man City,Southampton,2,1,-2.0,1,False
171129,Stoke,Liverpool,0,3,1.0,-3,False
171129,Chelsea,Swansea,1,0,-2.0,1,False
171129,Bournemouth,Burnley,1,2,-0.25,-1,False
171129,Everton,West Ham,4,0,-0.25,4,True
171129,Arsenal,Huddersfield,5,0,-2.0,5,True
171202,Chelsea,Newcastle,3,1,-1.75,2,True
171202,Brighton,Liverpool,1,5,1.0,-4,False
171202,West Brom,Crystal Palace,0,0,-0.25,0,False
171202,Arsenal,Man United,1,3,-0.25,-2,False
171202,Stoke,Swansea,2,1,-0.5,1,True
171202,Watford,Tottenham,1,1,0.75,0,True
171202,Leicester,Burnley,1,0,-0.75,1,True
171202,Everton,Huddersfield,2,0,-0.75,2,True
171203,Man City,West Ham,2,1,-2.75,1,False
171203,Bournemouth,Southampton,1,1,0.25,0,True
171209,West Ham,Chelsea,1,0,1.0,1,True
171209,Burnley,Watford,1,0,-0.25,1,True
171209,Crystal Palace,Bournemouth,2,2,-0.25,0,False
171209,Huddersfield,Brighton,2,0,-0.25,2,True
171209,Newcastle,Leicester,2,3,-0.25,-1,False
171209,Swansea,West Brom,1,0,-0.25,1,True
171209,Tottenham,Stoke,5,1,-1.75,4,True
171210,Liverpool,Everton,1,1,-1.75,0,False
171210,Southampton,Arsenal,1,1,0.25,0,True
171210,Man United,Man City,1,2,0.25,-1,False
171212,Burnley,Stoke,1,0,-0.25,1,True
171212,Crystal Palace,Watford,2,1,-0.25,1,True
171212,Huddersfield,Chelsea,1,3,1.25,-2,False
171213,Liverpool,West Brom,0,0,-2.0,0,False
171213,Newcastle,Everton,0,1,-0.25,-1,False
171213,Man United,Bournemouth,1,0,-1.75,1,False
171213,West Ham,Arsenal,0,0,0.75,0,True
171213,Southampton,Leicester,1,4,-0.25,-3,False
171213,Swansea,Man City,0,4,2.0,-4,False
171213,Tottenham,Brighton,2,0,-1.75,2,True
171216,Watford,Huddersfield,1,4,-0.75,-3,False
171216,Man City,Tottenham,4,1,-1.0,3,True
171216,Leicester,Crystal Palace,0,3,-0.75,-3,False
171216,Stoke,West Ham,0,3,-0.25,-3,False
171216,Brighton,Burnley,0,0,-0.25,0,False
171216,Arsenal,Newcastle,1,0,-1.75,1,False
171216,Chelsea,Southampton,1,0,-1.25,1,False
171217,West Brom,Man United,1,2,0.75,-1,False
171217,Bournemouth,Liverpool,0,4,1.0,-4,False
171218,Everton,Swansea,3,1,-0.75,2,True
171222,Arsenal,Liverpool,3,3,-0.25,0,False
171223,Brighton,Watford,1,0,-0.25,1,True
171223,Burnley,Tottenham,0,3,1.0,-3,False
171223,Leicester,Man United,2,2,0.75,0,True
171223,Everton,Chelsea,0,0,0.75,0,True
171223,Southampton,Huddersfield,1,1,-1.0,0,False
171223,Man City,Bournemouth,4,0,-2.75,4,True
171223,Swansea,Crystal Palace,1,1,0.25,0,True
171223,Stoke,West Brom,3,1,-0.25,2,True
171223,West Ham,Newcastle,2,3,-0.25,-1,False
171226,West Brom,Everton,0,0,-0.25,0,False
171226,Watford,Leicester,2,1,-0.25,1,True
171226,Tottenham,Southampton,5,2,-1.5,3,True
171226,Man United,Burnley,2,2,-1.75,0,False
171226,Huddersfield,Stoke,1,1,-0.25,0,False
171226,Chelsea,Brighton,2,0,-2.0,2,False
171226,Bournemouth,West Ham,3,3,0.25,0,True
171226,Liverpool,Swansea,5,0,-2.25,5,True
171227,Newcastle,Man City,0,1,2.0,-1,True
171228,Crystal Palace,Arsenal,2,3,0.75,-1,False
171230,Newcastle,Brighton,0,0,-0.25,0,False
171230,Watford,Swansea,1,2,-0.75,-1,False
171230,Man United,Southampton,0,0,-1.25,0,False
171230,Bournemouth,Everton,2,1,-0.25,1,True
171230,Huddersfield,Burnley,0,0,-0.25,0,False
171230,Chelsea,Stoke,5,0,-2.0,5,True
171230,Liverpool,Leicester,2,1,-1.75,1,False
171231,Crystal Palace,Man City,0,0,2.0,0,True
171231,West Brom,Arsenal,1,1,0.75,0,True
180101,Stoke,Newcastle,0,1,-0.25,-1,False
180101,Leicester,Huddersfield,3,0,-0.75,3,True
180101,Burnley,Liverpool,1,2,1.0,-1,False
180101,Brighton,Bournemouth,2,2,-0.25,0,False
180101,Everton,Man United,0,2,0.75,-2,False
180102,West Ham,West Brom,2,1,-0.5,1,True
180102,Swansea,Tottenham,0,2,1.5,-2,False
180102,Southampton,Crystal Palace,1,2,-0.75,-1,False
180102,Man City,Watford,3,1,-2.0,2,False
180103,Arsenal,Chelsea,2,2,-0.25,0,False
180104,Tottenham,West Ham,1,1,-1.75,0,False
180113,Newcastle,Swansea,1,1,-0.75,0,False
180113,Chelsea,Leicester,0,0,-1.5,0,False
180113,Tottenham,Everton,4,0,-1.5,4,True
180113,Crystal Palace,Burnley,1,0,-0.25,1,True
180113,West Brom,Brighton,2,0,-0.25,2,True
180113,Huddersfield,West Ham,1,4,-0.25,-3,False
180113,Watford,Southampton,2,2,-0.25,0,False
180114,Liverpool,Man City,4,3,0.25,1,True
180114,Bournemouth,Arsenal,2,1,0.75,1,True
180115,Man United,Stoke,3,0,-1.75,3,True
180120,Burnley,Man United,0,1,1.0,-1,False
180120,Arsenal,Crystal Palace,4,1,-1.0,3,True
180120,Brighton,Chelsea,0,4,0.75,-4,False
180120,Everton,West Brom,1,1,-0.25,0,False
180120,West Ham,Bournemouth,1,1,-0.25,0,False
180120,Man City,Newcastle,3,1,-2.5,2,False
180120,Stoke,Huddersfield,2,0,-0.25,2,True
180120,Leicester,Watford,2,0,-0.75,2,True
180121,Southampton,Tottenham,1,1,0.75,0,True
180122,Swansea,Liverpool,1,0,1.5,1,True
180130,Huddersfield,Liverpool,0,3,1.5,-3,False
180130,Swansea,Arsenal,3,1,1.25,2,True
180130,West Ham,Crystal Palace,1,1,0.25,0,True
180131,Everton,Leicester,2,1,0.25,1,True
180131,Chelsea,Bournemouth,0,3,-1.75,-3,False
180131,Man City,West Brom,3,0,-2.25,3,True
180131,Newcastle,Burnley,1,1,-0.25,0,False
180131,Stoke,Watford,0,0,-0.25,0,False
180131,Tottenham,Man United,2,0,-0.25,2,True
180131,Southampton,Brighton,1,1,-0.75,0,False
180203,Man United,Huddersfield,2,0,-2.0,2,False
180203,Arsenal,Everton,5,1,-1.75,4,True
180203,Bournemouth,Stoke,2,1,-0.25,1,True
180203,Brighton,West Ham,3,1,-0.25,2,True
180203,Burnley,Man City,1,1,1.75,0,True
180203,Leicester,Swansea,1,1,-0.75,0,False
180203,West Brom,Southampton,2,3,-0.25,-1,False
180204,Liverpool,Tottenham,2,2,-0.25,0,False
180204,Crystal Palace,Newcastle,1,1,-0.25,0,False
180205,Watford,Chelsea,4,1,1.0,3,True
180210,West Ham,Watford,2,0,-0.25,2,True
180210,Swansea,Burnley,1,0,-0.25,1,True
180210,Tottenham,Arsenal,1,0,-0.25,1,True
180210,Man City,Leicester,5,1,-2.0,4,True
180210,Everton,Crystal Palace,3,1,-0.25,2,True
180210,Stoke,Brighton,1,1,-0.25,0,False
180211,Southampton,Liverpool,0,2,0.75,-2,False
180211,Newcastle,Man United,1,0,0.75,1,True
180211,Huddersfield,Bournemouth,4,1,0.25,3,True
180212,Chelsea,West Brom,3,0,-1.25,3,True
180224,West Brom,Huddersfield,1,2,-0.75,-1,False
180224,Watford,Everton,1,0,-0.25,1,True
180224,Liverpool,West Ham,4,1,-1.75,3,True
180224,Burnley,Southampton,1,1,0.25,0,True
180224,Brighton,Swansea,4,1,-0.25,3,True
180224,Bournemouth,Newcastle,2,2,-0.25,0,False
180224,Leicester,Stoke,1,1,-0.75,0,False
180225,Man United,Chelsea,2,1,-0.25,1,True
180225,Crystal Palace,Tottenham,0,1,1.25,-1,True
180301,Arsenal,Man City,0,3,0.75,-3,False
180303,Southampton,Stoke,0,0,-0.75,0,False
180303,Burnley,Everton,2,1,-0.25,1,True
180303,Leicester,Bournemouth,1,1,-0.75,0,False
180303,Tottenham,Huddersfield,2,0,-2.0,2,False
180303,Watford,West Brom,1,0,-0.25,1,True
180303,Liverpool,Newcastle,2,0,-2.0,2,False
180303,Swansea,West Ham,4,1,-0.25,3,True
180304,Brighton,Arsenal,2,1,0.75,1,True
180304,Man City,Chelsea,1,0,-1.0,1,False
180305,Crystal Palace,Man United,2,3,1.0,-1,False
180310,Huddersfield,Swansea,0,0,-0.25,0,False
180310,Chelsea,Crystal Palace,2,1,-1.5,1,False
180310,Everton,Brighton,2,0,-0.25,2,True
180310,Man United,Liverpool,2,1,-0.25,1,True
180310,Newcastle,Southampton,3,0,-0.25,3,True
180310,West Brom,Leicester,1,4,0.25,-3,False
180310,West Ham,Burnley,0,3,-0.25,-3,False
180311,Arsenal,Watford,3,0,-1.0,3,True
180311,Bournemouth,Tottenham,1,4,1.0,-3,False
180312,Stoke,Man City,0,2,2.0,-2,False
180317,Stoke,Everton,1,2,-0.25,-1,False
180317,Liverpool,Watford,5,0,-2.0,5,True
180317,Bournemouth,West Brom,2,1,-0.75,1,True
180317,Huddersfield,Crystal Palace,0,2,0.25,-2,False
180331,Watford,Bournemouth,2,2,-0.25,0,False
180331,West Ham,Southampton,3,0,0.25,3,True
180331,West Brom,Burnley,1,2,-0.25,-1,False
180331,Newcastle,Huddersfield,1,0,-0.75,1,True
180331,Man United,Swansea,2,0,-1.75,2,True
180331,Everton,Man City,1,3,1.5,-2,False
180331,Crystal Palace,Liverpool,1,2,1.25,-1,True
180331,Brighton,Leicester,0,2,-0.25,-2,False
180401,Arsenal,Stoke,3,0,-1.5,3,True
180401,Chelsea,Tottenham,1,3,-0.25,-2,False
180407,Brighton,Huddersfield,1,1,-0.5,0,False
180407,Bournemouth,Crystal Palace,2,2,-0.25,0,False
180407,Leicester,Newcastle,1,2,-0.5,-1,False
180407,Everton,Liverpool,0,0,0.75,0,True
180407,Stoke,Tottenham,1,2,1.5,-1,True
180407,Man City,Man United,2,3,-0.5,-1,False
180407,West Brom,Swansea,1,1,-0.25,0,False
180407,Watford,Burnley,1,2,-0.25,-1,False
180408,Arsenal,Southampton,3,2,-1.0,1,False
180408,Chelsea,West Ham,1,1,-1.75,0,False
180414,Tottenham,Man City,1,3,-0.25,-2,False
180414,Burnley,Leicester,2,1,-0.25,1,True
180414,Crystal Palace,Brighton,3,2,-0.5,1,True
180414,Huddersfield,Watford,1,0,0.25,1,True
180414,Liverpool,Bournemouth,3,0,-1.75,3,True
180414,Southampton,Chelsea,2,3,0.5,-1,False
180414,Swansea,Everton,1,1,-0.25,0,False
180415,Man United,West Brom,0,1,-2.0,-1,False
180415,Newcastle,Arsenal,2,1,0.25,1,True
180416,West Ham,Stoke,1,1,-0.5,0,False
180417,Brighton,Tottenham,1,1,1.0,0,True
180418,Bournemouth,Man United,0,2,0.75,-2,False
180419,Burnley,Chelsea,1,2,0.75,-1,False
180419,Leicester,Southampton,0,0,-0.25,0,False
180421,Watford,Crystal Palace,0,0,0.25,0,True
180421,West Brom,Liverpool,2,2,1.0,0,True
180422,Arsenal,West Ham,4,1,-1.0,3,True
180422,Man City,Swansea,5,0,-2.25,5,True
180422,Stoke,Burnley,1,1,-0.25,0,False
180423,Everton,Newcastle,1,0,-0.25,1,True
180428,Liverpool,Stoke,0,0,-1.5,0,False
180428,Burnley,Brighton,0,0,-0.25,0,False
180428,Crystal Palace,Leicester,5,0,-0.25,5,True
180428,Huddersfield,Everton,0,2,-0.25,-2,False
180428,Southampton,Bournemouth,2,1,-0.75,1,True
180428,Swansea,Chelsea,0,1,1.0,-1,False
180428,Newcastle,West Brom,0,1,-0.75,-1,False
180429,Man United,Arsenal,2,1,-1.25,1,False
180429,West Ham,Man City,1,4,1.5,-3,False
180430,Tottenham,Watford,2,0,-2.25,2,False
180504,Brighton,Man United,1,0,0.5,1,True
180505,Watford,Newcastle,2,1,-0.25,1,True
180505,West Brom,Tottenham,1,0,1.25,1,True
180505,Stoke,Crystal Palace,1,2,-0.25,-1,False
180505,Everton,Southampton,1,1,0.25,0,True
180505,Bournemouth,Swansea,1,0,-0.25,1,True
180505,Leicester,West Ham,0,2,-0.25,-2,False
180506,Chelsea,Liverpool,1,0,-0.25,1,True
180506,Man City,Huddersfield,0,0,-2.75,0,False
180506,Arsenal,Burnley,5,0,-1.0,5,True
180508,Swansea,Southampton,0,1,0.25,-1,False
180509,Chelsea,Huddersfield,1,1,-2.0,0,False
180509,Leicester,Arsenal,3,1,0.25,2,True
180509,Man City,Brighton,3,1,-2.25,2,False
180509,Tottenham,Newcastle,1,0,-2.0,1,False
180510,West Ham,Man United,0,0,0.75,0,True
180513,Liverpool,Brighton,4,0,-2.0,4,True
180513,Burnley,Bournemouth,1,2,-0.25,-1,False
180513,Crystal Palace,West Brom,2,0,-0.75,2,True
180513,Huddersfield,Arsenal,0,1,1.0,-1,False
180513,Southampton,Man City,0,1,1.25,-1,True
180513,Man United,Watford,1,0,-1.5,1,False
180513,Newcastle,Chelsea,3,0,1.0,3,True
180513,Swansea,Stoke,1,2,-0.5,-1,False
180513,Tottenham,Leicester,5,4,-1.5,1,False
180513,West Ham,Everton,3,1,-0.25,2,True
180810,Man United,Leicester,2,1,-0.75,1,True
180811,Bournemouth,Cardiff,2,0,-0.75,2,True
180811,Fulham,Crystal Palace,0,2,-0.25,-2,False
180811,Huddersfield,Chelsea,0,3,1.0,-3,False
180811,Newcastle,Tottenham,1,2,0.25,-1,False
180811,Watford,Brighton,2,0,-0.25,2,True
180811,Wolves,Everton,2,2,-0.25,0,False
180812,Arsenal,Man City,0,2,0.75,-2,False
180812,Liverpool,West Ham,4,0,-1.75,4,True
180812,Southampton,Burnley,0,0,-0.75,0,False
180818,Cardiff,Newcastle,0,0,0.25,0,True
180818,Chelsea,Arsenal,3,2,-0.75,1,True
180818,Everton,Southampton,2,1,-0.75,1,True
180818,Leicester,Wolves,2,0,-0.25,2,True
180818,Tottenham,Fulham,3,1,-1.75,2,True
180818,West Ham,Bournemouth,1,2,-0.25,-1,False
180819,Man City,Huddersfield,6,1,-3.0,5,True
180819,Burnley,Watford,1,3,-0.25,-2,False
180819,Brighton,Man United,3,2,1.0,1,True
180820,Crystal Palace,Liverpool,0,2,1.25,-2,False
180825,Arsenal,West Ham,3,1,-1.5,2,True
180825,Bournemouth,Everton,2,2,-0.25,0,False
180825,Huddersfield,Cardiff,0,0,-0.25,0,False
180825,Liverpool,Brighton,1,0,-2.25,1,False
180825,Southampton,Leicester,1,2,-0.25,-1,False
180825,Wolves,Man City,1,1,2.0,0,True
180826,Fulham,Burnley,4,2,-0.25,2,True
180826,Newcastle,Chelsea,1,2,1.0,-1,False
180826,Watford,Crystal Palace,2,1,-0.25,1,True
180827,Man United,Tottenham,0,3,-0.25,-3,False
180901,West Ham,Wolves,0,1,-0.25,-1,False
180901,Man City,Newcastle,2,1,-2.5,1,False
180901,Leicester,Liverpool,1,2,1.0,-1,False
180901,Everton,Huddersfield,1,1,-1.0,0,False
180901,Crystal Palace,Southampton,0,2,-0.75,-2,False
180901,Chelsea,Bournemouth,2,0,-1.75,2,True
180901,Brighton,Fulham,2,2,-0.25,0,False
180902,Burnley,Man United,0,2,1.0,-2,False
180902,Cardiff,Arsenal,2,3,1.0,-1,False
180902,Watford,Tottenham,2,1,1.0,1,True
180915,Bournemouth,Leicester,4,2,-0.25,2,True
180915,Chelsea,Cardiff,4,1,-2.0,3,True
180915,Huddersfield,Crystal Palace,0,1,0.25,-1,False
180915,Man City,Fulham,3,0,-2.5,3,True
180915,Newcastle,Arsenal,1,2,0.25,-1,False
180915,Tottenham,Liverpool,1,2,0.25,-1,False
180915,Watford,Man United,1,2,0.25,-1,False
180916,Wolves,Burnley,1,0,-1.0,1,False
180916,Everton,West Ham,1,3,-0.75,-2,False
180917,Southampton,Brighton,2,2,-0.25,0,False
180922,Brighton,Tottenham,1,2,1.0,-1,False
180922,Burnley,Bournemouth,4,0,0.25,4,True
180922,Cardiff,Man City,0,5,2.0,-5,False
180922,Crystal Palace,Newcastle,0,0,-0.25,0,False
180922,Fulham,Watford,1,1,-0.25,0,False
180922,Leicester,Huddersfield,3,1,-1.0,2,True
180922,Liverpool,Southampton,3,0,-2.0,3,True
180922,Man United,Wolves,1,1,-1.0,0,False
180923,Arsenal,Everton,2,0,-1.0,2,True
180923,West Ham,Chelsea,0,0,1.0,0,True
180929,West Ham,Man United,3,1,0.75,2,True
180929,Wolves,Southampton,2,0,-1.0,2,True
180929,Man City,Brighton,2,0,-2.75,2,False
180929,Newcastle,Leicester,0,2,-0.25,-2,False
180929,Everton,Fulham,3,0,-1.0,3,True
180929,Huddersfield,Tottenham,0,2,1.0,-2,False
180929,Chelsea,Liverpool,1,1,0.25,0,True
180929,Arsenal,Watford,2,0,-1.0,2,True
180930,Cardiff,Burnley,1,2,-0.25,-1,False
181001,Bournemouth,Crystal Palace,2,1,-0.25,1,True
181005,Brighton,West Ham,1,0,-0.25,1,True
181006,Watford,Bournemouth,0,4,-0.25,-4,False
181006,Tottenham,Cardiff,1,0,-2.0,1,False
181006,Man United,Newcastle,3,2,-1.0,1,False
181006,Leicester,Everton,1,2,-0.25,-1,False
181006,Crystal Palace,Wolves,0,1,0.25,-1,False
181006,Burnley,Huddersfield,1,1,-0.25,0,False
181007,Fulham,Arsenal,1,5,1.0,-4,False
181007,Liverpool,Man City,0,0,-0.25,0,False
181007,Southampton,Chelsea,0,3,1.0,-3,False
181020,Wolves,Watford,0,2,-1.0,-2,False
181020,West Ham,Tottenham,0,1,0.75,-1,False
181020,Newcastle,Brighton,0,1,-0.25,-1,False
181020,Man City,Burnley,5,0,-3.0,5,True
181020,Bournemouth,Southampton,0,0,-0.25,0,False
181020,Chelsea,Man United,2,2,-1.0,0,False
181020,Cardiff,Fulham,4,2,-0.25,2,True
181020,Huddersfield,Liverpool,0,1,1.25,-1,True
181021,Everton,Crystal Palace,2,0,-0.75,2,True
181022,Arsenal,Leicester,3,1,-1.0,2,True
181027,Watford,Huddersfield,3,0,-1.0,3,True
181027,Brighton,Wolves,1,0,0.25,1,True
181027,Fulham,Bournemouth,0,3,0.25,-3,False
181027,Leicester,West Ham,1,1,-0.25,0,False
181027,Liverpool,Cardiff,4,1,-2.5,3,True
181027,Southampton,Newcastle,0,0,-0.25,0,False
181028,Crystal Palace,Arsenal,2,2,1.0,0,True
181028,Man United,Everton,2,1,-1.0,1,False
181028,Burnley,Chelsea,0,4,1.5,-4,False
181029,Tottenham,Man City,0,1,1.0,-1,False
181103,Arsenal,Liverpool,1,1,0.25,0,True
181103,Bournemouth,Man United,1,2,0.25,-1,False
181103,Cardiff,Leicester,0,1,0.25,-1,False
181103,Everton,Brighton,3,1,-1.0,2,True
181103,Newcastle,Watford,1,0,-0.25,1,True
181103,West Ham,Burnley,4,2,-1.0,2,True
181103,Wolves,Tottenham,2,3,0.25,-1,False
181104,Chelsea,Crystal Palace,3,1,-1.75,2,True
181104,Man City,Southampton,6,1,-2.5,5,True
181105,Huddersfield,Fulham,1,0,-0.25,1,True
181110,Leicester,Burnley,0,0,-1.0,0,False
181110,Southampton,Watford,1,1,-0.25,0,False
181110,Newcastle,Bournemouth,2,1,0.25,1,True
181110,Huddersfield,West Ham,1,1,0.25,0,True
181110,Crystal Palace,Tottenham,0,1,0.75,-1,False
181110,Cardiff,Brighton,2,1,-0.25,1,True
181111,Arsenal,Wolves,1,1,-1.0,0,False
181111,Chelsea,Everton,0,0,-1.0,0,False
181111,Liverpool,Fulham,2,0,-2.75,2,False
181111,Man City,Man United,3,1,-1.25,2,True
181124,Brighton,Leicester,1,1,0.25,0,True
181124,Everton,Cardiff,1,0,-1.0,1,False
181124,Fulham,Southampton,3,2,-0.25,1,True
181124,Man United,Crystal Palace,0,0,-1.0,0,False
181124,Tottenham,Chelsea,3,1,0.25,2,True
181124,Watford,Liverpool,0,3,1.0,-3,False
181124,West Ham,Man City,0,4,2.0,-4,False
181125,Wolves,Huddersfield,0,2,-1.0,-2,False
181125,Bournemouth,Arsenal,1,2,0.25,-1,False
181126,Burnley,Newcastle,1,2,0.25,-1,False
181130,Cardiff,Wolves,2,1,0.25,1,True
181201,Crystal Palace,Burnley,2,0,-1.0,2,True
181201,Huddersfield,Brighton,1,2,-0.25,-1,False
181201,Leicester,Watford,2,0,-0.25,2,True
181201,Man City,Bournemouth,3,1,-2.5,2,False
181201,Newcastle,West Ham,0,3,-0.25,-3,False
181201,Southampton,Man United,2,2,0.75,0,True
181202,Arsenal,Tottenham,4,2,-0.25,2,True
181202,Chelsea,Fulham,2,0,-2.0,2,False
181202,Liverpool,Everton,1,0,-1.0,1,False
181204,Bournemouth,Huddersfield,2,1,-1.0,1,False
181204,Brighton,Crystal Palace,3,1,0.25,2,True
181204,Watford,Man City,1,2,1.5,-1,True
181204,West Ham,Cardiff,3,1,-1.0,2,True
181205,Wolves,Chelsea,2,1,1.0,1,True
181205,Tottenham,Southampton,3,1,-1.0,2,True
181205,Man United,Arsenal,2,2,-0.25,0,False
181205,Everton,Newcastle,1,1,-1.0,0,False
181205,Burnley,Liverpool,1,3,1.5,-2,False
181205,Fulham,Leicester,1,1,0.25,0,True
181208,Arsenal,Huddersfield,1,0,-1.5,1,False
181208,Bournemouth,Liverpool,0,4,1.0,-4,False
181208,Burnley,Brighton,1,0,0.25,1,True
181208,Cardiff,Southampton,1,0,0.25,1,True
181208,Chelsea,Man City,2,0,0.75,2,True
181208,Leicester,Tottenham,0,2,0.25,-2,False
181208,Man United,Fulham,4,1,-1.5,3,True
181208,West Ham,Crystal Palace,3,2,-0.25,1,True
181209,Newcastle,Wolves,1,2,0.25,-1,False
181210,Everton,Watford,2,2,-1.0,0,False
181215,Tottenham,Burnley,1,0,-2.0,1,False
181215,Wolves,Bournemouth,2,0,-0.75,2,True
181215,Man City,Everton,3,1,-2.0,2,False
181215,Watford,Cardiff,3,2,-1.0,1,False
181215,Fulham,West Ham,0,2,0.25,-2,False
181215,Huddersfield,Newcastle,0,1,-0.25,-1,False
181215,Crystal Palace,Leicester,1,0,-0.25,1,True
181216,Brighton,Chelsea,1,2,1.0,-1,False
181216,Liverpool,Man United,3,1,-1.0,2,True
181216,Southampton,Arsenal,3,2,0.75,1,True
181221,Wolves,Liverpool,0,2,1.0,-2,False
181222,West Ham,Watford,0,2,-0.25,-2,False
181222,Man City,Crystal Palace,2,3,-2.5,-1,False
181222,Huddersfield,Southampton,1,3,0.25,-2,False
181222,Newcastle,Fulham,0,0,-0.25,0,False
181222,Cardiff,Man United,1,5,1.0,-4,False
181222,Bournemouth,Brighton,2,0,-0.75,2,True
181222,Arsenal,Burnley,3,1,-1.5,2,True
181222,Chelsea,Leicester,0,1,-1.5,-1,False
181223,Everton,Tottenham,2,6,0.25,-4,False
181226,Watford,Chelsea,1,2,1.0,-1,False
181226,Tottenham,Bournemouth,5,0,-1.5,5,True
181226,Man United,Huddersfield,3,1,-1.5,2,True
181226,Liverpool,Newcastle,4,0,-2.0,4,True
181226,Fulham,Wolves,1,1,0.25,0,True
181226,Crystal Palace,Cardiff,0,0,-1.0,0,False
181226,Burnley,Everton,1,5,0.75,-4,False
181226,Brighton,Arsenal,1,1,1.0,0,True
181226,Leicester,Man City,2,1,1.5,1,True
181227,Southampton,West Ham,1,2,-0.25,-1,False
181229,Tottenham,Wolves,1,3,-1.5,-2,False
181229,Liverpool,Arsenal,5,1,-1.0,4,True
181229,Watford,Newcastle,1,1,-1.0,0,False
181229,Fulham,Huddersfield,1,0,-0.25,1,True
181229,Brighton,Everton,1,0,0.25,1,True
181229,Leicester,Cardiff,0,1,-1.0,-1,False
181230,Burnley,West Ham,2,0,0.25,2,True
181230,Crystal Palace,Chelsea,0,1,1.0,-1,False
181230,Man United,Bournemouth,4,1,-1.5,3,True
181230,Southampton,Man City,1,3,1.5,-2,False
190101,Cardiff,Tottenham,0,3,1.0,-3,False
190101,Everton,Leicester,0,1,-0.25,-1,False
190101,Arsenal,Fulham,4,1,-1.5,3,True
190102,Bournemouth,Watford,3,3,-0.25,0,False
190102,Chelsea,Southampton,0,0,-1.5,0,False
190102,Huddersfield,Burnley,1,2,-0.25,-1,False
190102,Newcastle,Man United,0,2,1.0,-2,False
190102,West Ham,Brighton,2,2,-0.25,0,False
190102,Wolves,Crystal Palace,0,2,-0.25,-2,False
190103,Man City,Liverpool,2,1,-0.25,1,True
190112,Leicester,Southampton,1,2,-0.75,-1,False
190112,West Ham,Arsenal,1,0,0.5,1,True
190112,Crystal Palace,Watford,1,2,-0.25,-1,False
190112,Brighton,Liverpool,0,1,1.5,-1,True
190112,Cardiff,Huddersfield,0,0,-0.25,0,False
190112,Burnley,Fulham,2,1,-0.25,1,True
190112,Chelsea,Newcastle,2,1,-2.0,1,False
190113,Everton,Bournemouth,2,0,-1.0,2,True
190113,Tottenham,Man United,0,1,-0.25,-1,False
190114,Man City,Wolves,3,0,-2.0,3,True
190119,Watford,Burnley,0,0,-1.0,0,False
190119,Arsenal,Chelsea,2,0,0.25,2,True
190119,Bournemouth,West Ham,2,0,-0.25,2,True
190119,Liverpool,Crystal Palace,4,3,-2.0,1,False
190119,Man United,Brighton,2,1,-1.5,1,False
190119,Newcastle,Cardiff,3,0,-0.25,3,True
190119,Southampton,Everton,2,1,-0.25,1,True
190119,Wolves,Leicester,4,3,-0.25,1,True
190120,Huddersfield,Man City,0,3,2.5,-3,False
190120,Fulham,Tottenham,1,2,1.0,-1,False
190129,Arsenal,Cardiff,2,1,-2.0,1,False
190129,Fulham,Brighton,4,2,-0.25,2,True
190129,Huddersfield,Everton,0,1,0.75,-1,False
190129,Man United,Burnley,2,2,-1.5,0,False
190129,Newcastle,Man City,2,1,2.0,1,True
190129,Wolves,West Ham,3,0,-0.25,3,True
190130,Bournemouth,Chelsea,4,0,1.0,4,True
190130,Liverpool,Leicester,1,1,-1.5,0,False
190130,Southampton,Crystal Palace,1,1,-0.25,0,False
190130,Tottenham,Watford,2,1,-1.0,1,False
190202,Crystal Palace,Fulham,2,0,-0.25,2,True
190202,Tottenham,Newcastle,1,0,-1.5,1,False
190202,Everton,Wolves,1,3,-0.25,-2,False
190202,Chelsea,Huddersfield,5,0,-2.0,5,True
190202,Cardiff,Bournemouth,2,0,0.25,2,True
190202,Burnley,Southampton,1,1,-0.25,0,False
190202,Brighton,Watford,0,0,-0.25,0,False
190203,Leicester,Man United,0,1,0.25,-1,False
190203,Man City,Arsenal,3,1,-2.0,2,False
190204,West Ham,Liverpool,1,1,1.5,0,True
190206,Everton,Man City,0,2,1.5,-2,False
190209,Brighton,Burnley,1,3,-0.25,-2,False
190209,Crystal Palace,West Ham,1,1,-0.25,0,False
190209,Fulham,Man United,0,3,1.0,-3,False
190209,Huddersfield,Arsenal,1,2,1.0,-1,False
190209,Liverpool,Bournemouth,3,0,-2.0,3,True
190209,Southampton,Cardiff,1,2,-1.0,-1,False
190209,Watford,Everton,1,0,-0.25,1,True
190210,Tottenham,Leicester,3,1,-1.0,2,True
190210,Man City,Chelsea,6,0,-1.0,6,True
190211,Wolves,Newcastle,1,1,-1.0,0,False
190222,West Ham,Fulham,3,1,-1.0,2,True
190222,Cardiff,Watford,1,5,0.0,-4,False
190223,Bournemouth,Wolves,1,1,0.25,0,True
190223,Burnley,Tottenham,2,1,1.0,1,True
190223,Leicester,Crystal Palace,1,4,-0.25,-3,False
190223,Newcastle,Huddersfield,2,0,-1.0,2,True
190224,Arsenal,Southampton,2,0,-1.0,2,True
190224,Man United,Liverpool,0,0,0.25,0,True
190226,Cardiff,Everton,0,3,0.25,-3,False
190226,Huddersfield,Wolves,1,0,1.0,1,True
190226,Leicester,Brighton,2,1,-1.0,1,False
190226,Newcastle,Burnley,2,0,-0.25,2,True
190227,Liverpool,Watford,5,0,-1.5,5,True
190227,Southampton,Fulham,2,0,-0.75,2,True
190227,Man City,West Ham,1,0,-2.0,1,False
190227,Crystal Palace,Man United,1,3,0.25,-2,False
190227,Chelsea,Tottenham,2,0,-0.25,2,True
190227,Arsenal,Bournemouth,5,1,-1.0,4,True
190302,Bournemouth,Man City,0,1,2.0,-1,True
190302,Brighton,Huddersfield,1,0,-0.75,1,True
190302,Burnley,Crystal Palace,1,3,0.25,-2,False
190302,Man United,Southampton,3,2,-1.0,1,False
190302,Tottenham,Arsenal,1,1,-0.25,0,False
190302,West Ham,Newcastle,2,0,-0.25,2,True
190302,Wolves,Cardiff,2,0,-1.0,2,True
190303,Everton,Liverpool,0,0,1.0,0,True
190303,Fulham,Chelsea,1,2,1.0,-1,False
190303,Watford,Leicester,2,1,-0.25,1,True
190309,Man City,Watford,3,1,-2.5,2,False
190309,Leicester,Fulham,3,1,-1.0,2,True
190309,Newcastle,Everton,3,2,-0.25,1,True
190309,Crystal Palace,Brighton,1,2,-0.75,-1,False
190309,Cardiff,West Ham,2,0,0.25,2,True
190309,Huddersfield,Bournemouth,0,2,0.25,-2,False
190309,Southampton,Tottenham,2,1,0.75,1,True
190310,Chelsea,Wolves,1,1,-1.0,0,False
190310,Arsenal,Man United,2,0,-0.25,2,True
190310,Liverpool,Burnley,4,2,-2.25,2,False
